name,email,password,expiration_date
"Usuario 1",usuario1@email.com,123456,2026-10-16
"Usuario 2",usuario2@email.com,123456,2025-07-08
"Usuario 3",usuario3@email.com,123456,2026-12-17
"Usuario 4",usuario4@email.com,123456,2026-03-22
"Usuario 5",usuario5@email.com,123456,2026-04-09
"Usuario 6",usuario6@email.com,123456,2025-10-02
"Usuario 7",usuario7@email.com,123456,2027-02-26
"Usuario 8",usuario8@email.com,123456,2026-04-24
"Usuario 9",usuario9@email.com,123456,2026-03-01
"Usuario 10",usuario10@email.com,123456,2026-01-18
"Usuario 11",usuario11@email.com,123456,2026-12-26
"Usuario 12",usuario12@email.com,123456,2026-08-29
"Usuario 13",usuario13@email.com,123456,2026-04-03
"Usuario 14",usuario14@email.com,123456,2025-12-03
"Usuario 15",usuario15@email.com,123456,2025-09-03
"Usuario 16",usuario16@email.com,123456,2025-05-07
"Usuario 17",usuario17@email.com,123456,2025-12-15
"Usuario 18",usuario18@email.com,123456,2026-07-22
"Usuario 19",usuario19@email.com,123456,2025-09-06
"Usuario 20",usuario20@email.com,123456,2026-10-02
"Usuario 21",usuario21@email.com,123456,2025-11-04
"Usuario 22",usuario22@email.com,123456,2027-01-12
"Usuario 23",usuario23@email.com,123456,2026-11-16
"Usuario 24",usuario24@email.com,123456,2025-10-12
"Usuario 25",usuario25@email.com,123456,2027-01-20
"Usuario 26",usuario26@email.com,123456,2026-11-20
"Usuario 27",usuario27@email.com,123456,2026-12-03
"Usuario 28",usuario28@email.com,123456,2026-08-12
"Usuario 29",usuario29@email.com,123456,2026-01-29
"Usuario 30",usuario30@email.com,123456,2026-09-25
"Usuario 31",usuario31@email.com,123456,2027-03-09
"Usuario 32",usuario32@email.com,123456,2026-10-17
"Usuario 33",usuario33@email.com,123456,2025-04-25
"Usuario 34",usuario34@email.com,123456,2025-08-28
"Usuario 35",usuario35@email.com,123456,2026-04-14
"Usuario 36",usuario36@email.com,123456,2026-04-14
"Usuario 37",usuario37@email.com,123456,2025-10-04
"Usuario 38",usuario38@email.com,123456,2025-05-10
"Usuario 39",usuario39@email.com,123456,2026-08-07
"Usuario 40",usuario40@email.com,123456,2025-08-12
"Usuario 41",usuario41@email.com,123456,2025-05-13
"Usuario 42",usuario42@email.com,123456,2026-05-31
"Usuario 43",usuario43@email.com,123456,2027-01-25
"Usuario 44",usuario44@email.com,123456,2025-12-06
"Usuario 45",usuario45@email.com,123456,2025-11-17
"Usuario 46",usuario46@email.com,123456,2025-08-31
"Usuario 47",usuario47@email.com,123456,2026-10-18
"Usuario 48",usuario48@email.com,123456,2027-02-23
"Usuario 49",usuario49@email.com,123456,2026-04-03
"Usuario 50",usuario50@email.com,123456,2026-06-02
"Usuario 51",usuario51@email.com,123456,2025-12-12
"Usuario 52",usuario52@email.com,123456,2026-10-16
"Usuario 53",usuario53@email.com,123456,2026-05-16
"Usuario 54",usuario54@email.com,123456,2025-11-27
"Usuario 55",usuario55@email.com,123456,2025-10-27
"Usuario 56",usuario56@email.com,123456,2026-09-10
"Usuario 57",usuario57@email.com,123456,2026-03-15
"Usuario 58",usuario58@email.com,123456,2026-06-27
"Usuario 59",usuario59@email.com,123456,2025-05-22
"Usuario 60",usuario60@email.com,123456,2027-01-19
"Usuario 61",usuario61@email.com,123456,2027-03-29
"Usuario 62",usuario62@email.com,123456,2025-05-14
"Usuario 63",usuario63@email.com,123456,2025-09-04
"Usuario 64",usuario64@email.com,123456,2026-05-24
"Usuario 65",usuario65@email.com,123456,2025-07-25
"Usuario 66",usuario66@email.com,123456,2025-07-21
"Usuario 67",usuario67@email.com,123456,2026-02-03
"Usuario 68",usuario68@email.com,123456,2025-08-07
"Usuario 69",usuario69@email.com,123456,2026-01-27
"Usuario 70",usuario70@email.com,123456,2026-02-27
"Usuario 71",usuario71@email.com,123456,2026-04-15
"Usuario 72",usuario72@email.com,123456,2026-11-01
"Usuario 73",usuario73@email.com,123456,2025-04-24
"Usuario 74",usuario74@email.com,123456,2026-03-04
"Usuario 75",usuario75@email.com,123456,2027-02-14
"Usuario 76",usuario76@email.com,123456,2026-09-14
"Usuario 77",usuario77@email.com,123456,2027-01-29
"Usuario 78",usuario78@email.com,123456,2026-01-21
"Usuario 79",usuario79@email.com,123456,2025-06-11
"Usuario 80",usuario80@email.com,123456,2025-10-24
"Usuario 81",usuario81@email.com,123456,2026-11-27
"Usuario 82",usuario82@email.com,123456,2026-06-08
"Usuario 83",usuario83@email.com,123456,2026-02-12
"Usuario 84",usuario84@email.com,123456,2026-01-19
"Usuario 85",usuario85@email.com,123456,2026-03-23
"Usuario 86",usuario86@email.com,123456,2025-06-20
"Usuario 87",usuario87@email.com,123456,2025-09-20
"Usuario 88",usuario88@email.com,123456,2026-09-10
"Usuario 89",usuario89@email.com,123456,2026-12-15
"Usuario 90",usuario90@email.com,123456,2025-09-08
"Usuario 91",usuario91@email.com,123456,2026-12-08
"Usuario 92",usuario92@email.com,123456,2026-10-16
"Usuario 93",usuario93@email.com,123456,2026-11-10
"Usuario 94",usuario94@email.com,123456,2027-02-21
"Usuario 95",usuario95@email.com,123456,2026-05-10
"Usuario 96",usuario96@email.com,123456,2025-11-04
"Usuario 97",usuario97@email.com,123456,2025-10-04
"Usuario 98",usuario98@email.com,123456,2025-09-11
"Usuario 99",usuario99@email.com,123456,2025-10-12
"Usuario 100",admin100@fontecred.com.br,123456,2026-05-28
"Usuario 101",usuario101@email.com,123456,2025-12-27
"Usuario 102",usuario102@email.com,123456,2025-08-25
"Usuario 103",usuario103@email.com,123456,2027-03-13
"Usuario 104",usuario104@email.com,123456,2026-07-20
"Usuario 105",usuario105@email.com,123456,2026-12-03
"Usuario 106",usuario106@email.com,123456,2027-01-15
"Usuario 107",usuario107@email.com,123456,2026-04-19
"Usuario 108",usuario108@email.com,123456,2025-11-13
"Usuario 109",usuario109@email.com,123456,2025-12-23
"Usuario 110",usuario110@email.com,123456,2025-07-05
"Usuario 111",usuario111@email.com,123456,2026-05-13
"Usuario 112",usuario112@email.com,123456,2026-09-27
"Usuario 113",usuario113@email.com,123456,2027-04-02
"Usuario 114",usuario114@email.com,123456,2025-08-07
"Usuario 115",usuario115@email.com,123456,2025-08-25
"Usuario 116",usuario116@email.com,123456,2026-07-31
"Usuario 117",usuario117@email.com,123456,2026-10-14
"Usuario 118",usuario118@email.com,123456,2026-05-15
"Usuario 119",usuario119@email.com,123456,2026-07-30
"Usuario 120",usuario120@email.com,123456,2025-05-19
"Usuario 121",usuario121@email.com,123456,2026-08-03
"Usuario 122",usuario122@email.com,123456,2027-03-31
"Usuario 123",usuario123@email.com,123456,2027-04-01
"Usuario 124",usuario124@email.com,123456,2026-02-26
"Usuario 125",usuario125@email.com,123456,2027-02-09
"Usuario 126",usuario126@email.com,123456,2025-12-05
"Usuario 127",usuario127@email.com,123456,2025-06-18
"Usuario 128",usuario128@email.com,123456,2027-03-12
"Usuario 129",usuario129@email.com,123456,2025-12-05
"Usuario 130",usuario130@email.com,123456,2026-11-28
"Usuario 131",usuario131@email.com,123456,2025-08-12
"Usuario 132",usuario132@email.com,123456,2026-09-29
"Usuario 133",usuario133@email.com,123456,2027-02-07
"Usuario 134",usuario134@email.com,123456,2026-04-19
"Usuario 135",usuario135@email.com,123456,2026-09-28
"Usuario 136",usuario136@email.com,123456,2026-10-19
"Usuario 137",usuario137@email.com,123456,2025-07-28
"Usuario 138",usuario138@email.com,123456,2025-05-11
"Usuario 139",usuario139@email.com,123456,2026-10-09
"Usuario 140",usuario140@email.com,123456,2025-05-16
"Usuario 141",usuario141@email.com,123456,2027-01-17
"Usuario 142",usuario142@email.com,123456,2025-11-13
"Usuario 143",usuario143@email.com,123456,2025-06-21
"Usuario 144",usuario144@email.com,123456,2026-07-20
"Usuario 145",usuario145@email.com,123456,2026-08-30
"Usuario 146",usuario146@email.com,123456,2025-12-08
"Usuario 147",usuario147@email.com,123456,2026-06-25
"Usuario 148",usuario148@email.com,123456,2025-10-01
"Usuario 149",usuario149@email.com,123456,2027-01-05
"Usuario 150",usuario150@email.com,123456,2025-11-02
"Usuario 151",usuario151@email.com,123456,2025-04-25
"Usuario 152",usuario152@email.com,123456,2026-01-05
"Usuario 153",usuario153@email.com,123456,2026-05-15
"Usuario 154",usuario154@email.com,123456,2027-02-17
"Usuario 155",usuario155@email.com,123456,2026-11-25
"Usuario 156",usuario156@email.com,123456,2026-02-15
"Usuario 157",usuario157@email.com,123456,2025-10-27
"Usuario 158",usuario158@email.com,123456,2025-11-02
"Usuario 159",usuario159@email.com,123456,2025-06-13
"Usuario 160",usuario160@email.com,123456,2026-12-30
"Usuario 161",usuario161@email.com,123456,2025-06-26
"Usuario 162",usuario162@email.com,123456,2027-02-05
"Usuario 163",usuario163@email.com,123456,2026-08-18
"Usuario 164",usuario164@email.com,123456,2026-02-17
"Usuario 165",usuario165@email.com,123456,2026-05-17
"Usuario 166",usuario166@email.com,123456,2027-03-04
"Usuario 167",usuario167@email.com,123456,2025-12-26
"Usuario 168",usuario168@email.com,123456,2026-03-18
"Usuario 169",usuario169@email.com,123456,2025-11-12
"Usuario 170",usuario170@email.com,123456,2025-10-10
"Usuario 171",usuario171@email.com,123456,2025-09-16
"Usuario 172",usuario172@email.com,123456,2026-06-20
"Usuario 173",usuario173@email.com,123456,2027-03-27
"Usuario 174",usuario174@email.com,123456,2026-03-11
"Usuario 175",usuario175@email.com,123456,2025-07-29
"Usuario 176",usuario176@email.com,123456,2025-06-21
"Usuario 177",usuario177@email.com,123456,2027-01-05
"Usuario 178",usuario178@email.com,123456,2026-04-20
"Usuario 179",usuario179@email.com,123456,2027-01-10
"Usuario 180",usuario180@email.com,123456,2025-12-27
"Usuario 181",usuario181@email.com,123456,2026-10-18
"Usuario 182",usuario182@email.com,123456,2026-04-23
"Usuario 183",usuario183@email.com,123456,2025-09-25
"Usuario 184",usuario184@email.com,123456,2025-11-28
"Usuario 185",usuario185@email.com,123456,2025-04-25
"Usuario 186",usuario186@email.com,123456,2025-09-23
"Usuario 187",usuario187@email.com,123456,2025-07-28
"Usuario 188",usuario188@email.com,123456,2025-05-31
"Usuario 189",usuario189@email.com,123456,2026-12-07
"Usuario 190",usuario190@email.com,123456,2026-11-02
"Usuario 191",usuario191@email.com,123456,2025-10-28
"Usuario 192",usuario192@email.com,123456,2026-07-07
"Usuario 193",usuario193@email.com,123456,2026-08-18
"Usuario 194",usuario194@email.com,123456,2025-06-14
"Usuario 195",usuario195@email.com,123456,2026-04-30
"Usuario 196",usuario196@email.com,123456,2025-11-12
"Usuario 197",usuario197@email.com,123456,2026-08-10
"Usuario 198",usuario198@email.com,123456,2025-08-23
"Usuario 199",usuario199@email.com,123456,2025-07-23
"Usuario 200",admin200@fontecred.com.br,123456,2026-05-09
"Usuario 201",usuario201@email.com,123456,2026-06-25
"Usuario 202",usuario202@email.com,123456,2025-05-16
"Usuario 203",usuario203@email.com,123456,2025-07-10
"Usuario 204",usuario204@email.com,123456,2025-11-17
"Usuario 205",usuario205@email.com,123456,2025-07-22
"Usuario 206",usuario206@email.com,123456,2025-11-10
"Usuario 207",usuario207@email.com,123456,2027-03-05
"Usuario 208",usuario208@email.com,123456,2025-08-27
"Usuario 209",usuario209@email.com,123456,2025-08-03
"Usuario 210",usuario210@email.com,123456,2026-04-22
"Usuario 211",usuario211@email.com,123456,2026-10-30
"Usuario 212",usuario212@email.com,123456,2026-01-23
"Usuario 213",usuario213@email.com,123456,2025-12-29
"Usuario 214",usuario214@email.com,123456,2026-06-18
"Usuario 215",usuario215@email.com,123456,2026-06-13
"Usuario 216",usuario216@email.com,123456,2027-01-19
"Usuario 217",usuario217@email.com,123456,2026-07-26
"Usuario 218",usuario218@email.com,123456,2027-01-28
"Usuario 219",usuario219@email.com,123456,2026-02-22
"Usuario 220",usuario220@email.com,123456,2026-08-09
"Usuario 221",usuario221@email.com,123456,2026-04-29
"Usuario 222",usuario222@email.com,123456,2026-09-26
"Usuario 223",usuario223@email.com,123456,2025-11-29
"Usuario 224",usuario224@email.com,123456,2025-07-03
"Usuario 225",usuario225@email.com,123456,2025-12-23
"Usuario 226",usuario226@email.com,123456,2026-08-15
"Usuario 227",usuario227@email.com,123456,2025-09-28
"Usuario 228",usuario228@email.com,123456,2027-04-01
"Usuario 229",usuario229@email.com,123456,2027-01-20
"Usuario 230",usuario230@email.com,123456,2026-10-15
"Usuario 231",usuario231@email.com,123456,2025-10-14
"Usuario 232",usuario232@email.com,123456,2026-02-23
"Usuario 233",usuario233@email.com,123456,2026-11-07
"Usuario 234",usuario234@email.com,123456,2027-02-22
"Usuario 235",usuario235@email.com,123456,2026-07-25
"Usuario 236",usuario236@email.com,123456,2026-01-04
"Usuario 237",usuario237@email.com,123456,2027-01-24
"Usuario 238",usuario238@email.com,123456,2026-10-14
"Usuario 239",usuario239@email.com,123456,2027-03-30
"Usuario 240",usuario240@email.com,123456,2025-10-11
"Usuario 241",usuario241@email.com,123456,2025-09-14
"Usuario 242",usuario242@email.com,123456,2026-12-09
"Usuario 243",usuario243@email.com,123456,2027-01-10
"Usuario 244",usuario244@email.com,123456,2025-10-18
"Usuario 245",usuario245@email.com,123456,2025-05-19
"Usuario 246",usuario246@email.com,123456,2026-09-18
"Usuario 247",usuario247@email.com,123456,2025-08-25
"Usuario 248",usuario248@email.com,123456,2026-03-19
"Usuario 249",usuario249@email.com,123456,2025-04-11
"Usuario 250",usuario250@email.com,123456,2026-08-07
"Usuario 251",usuario251@email.com,123456,2025-09-16
"Usuario 252",usuario252@email.com,123456,2026-09-23
"Usuario 253",usuario253@email.com,123456,2025-09-22
"Usuario 254",usuario254@email.com,123456,2025-12-25
"Usuario 255",usuario255@email.com,123456,2025-04-07
"Usuario 256",usuario256@email.com,123456,2026-11-05
"Usuario 257",usuario257@email.com,123456,2026-01-06
"Usuario 258",usuario258@email.com,123456,2025-06-02
"Usuario 259",usuario259@email.com,123456,2026-12-07
"Usuario 260",usuario260@email.com,123456,2026-01-19
"Usuario 261",usuario261@email.com,123456,2026-11-08
"Usuario 262",usuario262@email.com,123456,2026-09-27
"Usuario 263",usuario263@email.com,123456,2025-07-21
"Usuario 264",usuario264@email.com,123456,2026-01-31
"Usuario 265",usuario265@email.com,123456,2026-03-08
"Usuario 266",usuario266@email.com,123456,2026-05-25
"Usuario 267",usuario267@email.com,123456,2026-06-03
"Usuario 268",usuario268@email.com,123456,2026-10-22
"Usuario 269",usuario269@email.com,123456,2026-04-05
"Usuario 270",usuario270@email.com,123456,2026-04-08
"Usuario 271",usuario271@email.com,123456,2026-10-03
"Usuario 272",usuario272@email.com,123456,2026-02-05
"Usuario 273",usuario273@email.com,123456,2025-07-18
"Usuario 274",usuario274@email.com,123456,2025-06-27
"Usuario 275",usuario275@email.com,123456,2026-07-18
"Usuario 276",usuario276@email.com,123456,2025-10-14
"Usuario 277",usuario277@email.com,123456,2025-07-14
"Usuario 278",usuario278@email.com,123456,2025-08-28
"Usuario 279",usuario279@email.com,123456,2026-07-24
"Usuario 280",usuario280@email.com,123456,2025-04-12
"Usuario 281",usuario281@email.com,123456,2026-11-03
"Usuario 282",usuario282@email.com,123456,2025-06-28
"Usuario 283",usuario283@email.com,123456,2025-04-11
"Usuario 284",usuario284@email.com,123456,2027-03-25
"Usuario 285",usuario285@email.com,123456,2026-10-28
"Usuario 286",usuario286@email.com,123456,2025-11-24
"Usuario 287",usuario287@email.com,123456,2026-02-15
"Usuario 288",usuario288@email.com,123456,2026-07-11
"Usuario 289",usuario289@email.com,123456,2026-01-21
"Usuario 290",usuario290@email.com,123456,2026-05-21
"Usuario 291",usuario291@email.com,123456,2026-01-03
"Usuario 292",usuario292@email.com,123456,2025-09-12
"Usuario 293",usuario293@email.com,123456,2025-11-05
"Usuario 294",usuario294@email.com,123456,2026-12-07
"Usuario 295",usuario295@email.com,123456,2025-06-24
"Usuario 296",usuario296@email.com,123456,2025-08-06
"Usuario 297",usuario297@email.com,123456,2025-09-19
"Usuario 298",usuario298@email.com,123456,2026-05-15
"Usuario 299",usuario299@email.com,123456,2026-04-21
"Usuario 300",admin300@fontecred.com.br,123456,2026-05-15
"Usuario 301",usuario301@email.com,123456,2026-05-03
"Usuario 302",usuario302@email.com,123456,2026-11-15
"Usuario 303",usuario303@email.com,123456,2026-08-22
"Usuario 304",usuario304@email.com,123456,2026-10-27
"Usuario 305",usuario305@email.com,123456,2025-10-05
"Usuario 306",usuario306@email.com,123456,2025-10-26
"Usuario 307",usuario307@email.com,123456,2026-07-29
"Usuario 308",usuario308@email.com,123456,2025-07-03
"Usuario 309",usuario309@email.com,123456,2025-08-29
"Usuario 310",usuario310@email.com,123456,2025-06-18
"Usuario 311",usuario311@email.com,123456,2026-11-07
"Usuario 312",usuario312@email.com,123456,2026-05-27
"Usuario 313",usuario313@email.com,123456,2025-09-07
"Usuario 314",usuario314@email.com,123456,2026-07-24
"Usuario 315",usuario315@email.com,123456,2025-06-27
"Usuario 316",usuario316@email.com,123456,2025-11-03
"Usuario 317",usuario317@email.com,123456,2027-02-10
"Usuario 318",usuario318@email.com,123456,2027-01-11
"Usuario 319",usuario319@email.com,123456,2025-12-21
"Usuario 320",usuario320@email.com,123456,2025-09-28
"Usuario 321",usuario321@email.com,123456,2026-10-02
"Usuario 322",usuario322@email.com,123456,2025-06-11
"Usuario 323",usuario323@email.com,123456,2025-08-31
"Usuario 324",usuario324@email.com,123456,2026-05-11
"Usuario 325",usuario325@email.com,123456,2025-10-15
"Usuario 326",usuario326@email.com,123456,2025-04-28
"Usuario 327",usuario327@email.com,123456,2026-08-10
"Usuario 328",usuario328@email.com,123456,2027-04-05
"Usuario 329",usuario329@email.com,123456,2025-06-01
"Usuario 330",usuario330@email.com,123456,2025-07-06
"Usuario 331",usuario331@email.com,123456,2026-08-10
"Usuario 332",usuario332@email.com,123456,2026-09-15
"Usuario 333",usuario333@email.com,123456,2026-08-02
"Usuario 334",usuario334@email.com,123456,2026-06-09
"Usuario 335",usuario335@email.com,123456,2025-06-10
"Usuario 336",usuario336@email.com,123456,2025-06-16
"Usuario 337",usuario337@email.com,123456,2025-05-06
"Usuario 338",usuario338@email.com,123456,2025-12-10
"Usuario 339",usuario339@email.com,123456,2026-05-01
"Usuario 340",usuario340@email.com,123456,2025-11-02
"Usuario 341",usuario341@email.com,123456,2026-12-19
"Usuario 342",usuario342@email.com,123456,2026-09-27
"Usuario 343",usuario343@email.com,123456,2026-03-08
"Usuario 344",usuario344@email.com,123456,2025-11-15
"Usuario 345",usuario345@email.com,123456,2026-01-23
"Usuario 346",usuario346@email.com,123456,2025-08-12
"Usuario 347",usuario347@email.com,123456,2026-02-17
"Usuario 348",usuario348@email.com,123456,2026-03-16
"Usuario 349",usuario349@email.com,123456,2025-04-09
"Usuario 350",usuario350@email.com,123456,2025-05-16
"Usuario 351",usuario351@email.com,123456,2027-04-04
"Usuario 352",usuario352@email.com,123456,2026-05-17
"Usuario 353",usuario353@email.com,123456,2026-06-01
"Usuario 354",usuario354@email.com,123456,2027-02-28
"Usuario 355",usuario355@email.com,123456,2026-09-06
"Usuario 356",usuario356@email.com,123456,2025-05-22
"Usuario 357",usuario357@email.com,123456,2026-12-11
"Usuario 358",usuario358@email.com,123456,2026-11-14
"Usuario 359",usuario359@email.com,123456,2025-07-17
"Usuario 360",usuario360@email.com,123456,2025-04-23
"Usuario 361",usuario361@email.com,123456,2026-03-13
"Usuario 362",usuario362@email.com,123456,2026-07-03
"Usuario 363",usuario363@email.com,123456,2025-10-20
"Usuario 364",usuario364@email.com,123456,2025-12-25
"Usuario 365",usuario365@email.com,123456,2025-06-14
"Usuario 366",usuario366@email.com,123456,2026-07-22
"Usuario 367",usuario367@email.com,123456,2026-10-19
"Usuario 368",usuario368@email.com,123456,2025-05-17
"Usuario 369",usuario369@email.com,123456,2026-04-10
"Usuario 370",usuario370@email.com,123456,2025-07-23
"Usuario 371",usuario371@email.com,123456,2027-01-03
"Usuario 372",usuario372@email.com,123456,2025-11-24
"Usuario 373",usuario373@email.com,123456,2026-02-12
"Usuario 374",usuario374@email.com,123456,2026-05-19
"Usuario 375",usuario375@email.com,123456,2025-06-18
"Usuario 376",usuario376@email.com,123456,2026-05-27
"Usuario 377",usuario377@email.com,123456,2025-07-01
"Usuario 378",usuario378@email.com,123456,2026-04-14
"Usuario 379",usuario379@email.com,123456,2025-11-07
"Usuario 380",usuario380@email.com,123456,2026-02-18
"Usuario 381",usuario381@email.com,123456,2026-10-22
"Usuario 382",usuario382@email.com,123456,2025-04-10
"Usuario 383",usuario383@email.com,123456,2025-11-02
"Usuario 384",usuario384@email.com,123456,2026-10-23
"Usuario 385",usuario385@email.com,123456,2026-08-12
"Usuario 386",usuario386@email.com,123456,2025-06-15
"Usuario 387",usuario387@email.com,123456,2025-09-26
"Usuario 388",usuario388@email.com,123456,2027-01-30
"Usuario 389",usuario389@email.com,123456,2026-06-26
"Usuario 390",usuario390@email.com,123456,2025-07-07
"Usuario 391",usuario391@email.com,123456,2025-10-25
"Usuario 392",usuario392@email.com,123456,2025-09-04
"Usuario 393",usuario393@email.com,123456,2026-12-03
"Usuario 394",usuario394@email.com,123456,2026-06-26
"Usuario 395",usuario395@email.com,123456,2025-11-23
"Usuario 396",usuario396@email.com,123456,2027-02-04
"Usuario 397",usuario397@email.com,123456,2025-05-02
"Usuario 398",usuario398@email.com,123456,2025-05-03
"Usuario 399",usuario399@email.com,123456,2025-09-03
"Usuario 400",admin400@fontecred.com.br,123456,2026-10-31
"Usuario 401",usuario401@email.com,123456,2026-11-06
"Usuario 402",usuario402@email.com,123456,2025-05-11
"Usuario 403",usuario403@email.com,123456,2026-08-26
"Usuario 404",usuario404@email.com,123456,2026-05-31
"Usuario 405",usuario405@email.com,123456,2025-05-26
"Usuario 406",usuario406@email.com,123456,2026-05-31
"Usuario 407",usuario407@email.com,123456,2025-05-26
"Usuario 408",usuario408@email.com,123456,2026-04-30
"Usuario 409",usuario409@email.com,123456,2026-01-04
"Usuario 410",usuario410@email.com,123456,2025-10-07
"Usuario 411",usuario411@email.com,123456,2026-07-10
"Usuario 412",usuario412@email.com,123456,2026-12-22
"Usuario 413",usuario413@email.com,123456,2026-12-13
"Usuario 414",usuario414@email.com,123456,2026-04-27
"Usuario 415",usuario415@email.com,123456,2025-05-01
"Usuario 416",usuario416@email.com,123456,2026-07-28
"Usuario 417",usuario417@email.com,123456,2026-01-10
"Usuario 418",usuario418@email.com,123456,2025-10-10
"Usuario 419",usuario419@email.com,123456,2025-11-09
"Usuario 420",usuario420@email.com,123456,2026-09-12
"Usuario 421",usuario421@email.com,123456,2026-09-14
"Usuario 422",usuario422@email.com,123456,2026-12-13
"Usuario 423",usuario423@email.com,123456,2026-06-05
"Usuario 424",usuario424@email.com,123456,2025-06-22
"Usuario 425",usuario425@email.com,123456,2026-06-12
"Usuario 426",usuario426@email.com,123456,2027-02-05
"Usuario 427",usuario427@email.com,123456,2026-11-20
"Usuario 428",usuario428@email.com,123456,2027-04-01
"Usuario 429",usuario429@email.com,123456,2026-08-19
"Usuario 430",usuario430@email.com,123456,2026-12-08
"Usuario 431",usuario431@email.com,123456,2025-11-19
"Usuario 432",usuario432@email.com,123456,2025-11-19
"Usuario 433",usuario433@email.com,123456,2025-05-09
"Usuario 434",usuario434@email.com,123456,2026-10-22
"Usuario 435",usuario435@email.com,123456,2026-08-23
"Usuario 436",usuario436@email.com,123456,2025-07-10
"Usuario 437",usuario437@email.com,123456,2025-09-13
"Usuario 438",usuario438@email.com,123456,2026-01-13
"Usuario 439",usuario439@email.com,123456,2025-04-06
"Usuario 440",usuario440@email.com,123456,2026-03-14
"Usuario 441",usuario441@email.com,123456,2025-05-13
"Usuario 442",usuario442@email.com,123456,2026-12-26
"Usuario 443",usuario443@email.com,123456,2026-02-11
"Usuario 444",usuario444@email.com,123456,2025-07-30
"Usuario 445",usuario445@email.com,123456,2025-10-04
"Usuario 446",usuario446@email.com,123456,2026-09-14
"Usuario 447",usuario447@email.com,123456,2026-10-26
"Usuario 448",usuario448@email.com,123456,2027-01-31
"Usuario 449",usuario449@email.com,123456,2025-11-10
"Usuario 450",usuario450@email.com,123456,2026-11-23
"Usuario 451",usuario451@email.com,123456,2026-06-06
"Usuario 452",usuario452@email.com,123456,2026-12-02
"Usuario 453",usuario453@email.com,123456,2025-10-28
"Usuario 454",usuario454@email.com,123456,2026-09-01
"Usuario 455",usuario455@email.com,123456,2026-12-10
"Usuario 456",usuario456@email.com,123456,2026-04-05
"Usuario 457",usuario457@email.com,123456,2026-06-09
"Usuario 458",usuario458@email.com,123456,2026-09-24
"Usuario 459",usuario459@email.com,123456,2025-09-05
"Usuario 460",usuario460@email.com,123456,2027-02-15
"Usuario 461",usuario461@email.com,123456,2025-12-06
"Usuario 462",usuario462@email.com,123456,2025-09-15
"Usuario 463",usuario463@email.com,123456,2026-07-09
"Usuario 464",usuario464@email.com,123456,2025-09-02
"Usuario 465",usuario465@email.com,123456,2026-02-05
"Usuario 466",usuario466@email.com,123456,2027-01-20
"Usuario 467",usuario467@email.com,123456,2025-07-15
"Usuario 468",usuario468@email.com,123456,2026-03-23
"Usuario 469",usuario469@email.com,123456,2025-10-31
"Usuario 470",usuario470@email.com,123456,2026-07-21
"Usuario 471",usuario471@email.com,123456,2025-05-29
"Usuario 472",usuario472@email.com,123456,2026-02-24
"Usuario 473",usuario473@email.com,123456,2025-11-10
"Usuario 474",usuario474@email.com,123456,2026-06-04
"Usuario 475",usuario475@email.com,123456,2026-01-22
"Usuario 476",usuario476@email.com,123456,2025-05-15
"Usuario 477",usuario477@email.com,123456,2027-03-06
"Usuario 478",usuario478@email.com,123456,2027-02-25
"Usuario 479",usuario479@email.com,123456,2026-03-12
"Usuario 480",usuario480@email.com,123456,2026-10-30
"Usuario 481",usuario481@email.com,123456,2026-12-11
"Usuario 482",usuario482@email.com,123456,2027-03-31
"Usuario 483",usuario483@email.com,123456,2025-06-02
"Usuario 484",usuario484@email.com,123456,2025-07-10
"Usuario 485",usuario485@email.com,123456,2025-06-06
"Usuario 486",usuario486@email.com,123456,2027-02-04
"Usuario 487",usuario487@email.com,123456,2026-06-09
"Usuario 488",usuario488@email.com,123456,2026-01-07
"Usuario 489",usuario489@email.com,123456,2026-09-12
"Usuario 490",usuario490@email.com,123456,2025-10-04
"Usuario 491",usuario491@email.com,123456,2026-05-31
"Usuario 492",usuario492@email.com,123456,2026-01-29
"Usuario 493",usuario493@email.com,123456,2025-12-31
"Usuario 494",usuario494@email.com,123456,2025-09-18
"Usuario 495",usuario495@email.com,123456,2026-11-05
"Usuario 496",usuario496@email.com,123456,2026-05-02
"Usuario 497",usuario497@email.com,123456,2025-07-08
"Usuario 498",usuario498@email.com,123456,2025-07-24
"Usuario 499",usuario499@email.com,123456,2025-11-19
"Usuario 500",admin500@fontecred.com.br,123456,2027-03-23
"Usuario 501",usuario501@email.com,123456,2026-07-02
"Usuario 502",usuario502@email.com,123456,2026-04-28
"Usuario 503",usuario503@email.com,123456,2026-07-01
"Usuario 504",usuario504@email.com,123456,2025-06-10
"Usuario 505",usuario505@email.com,123456,2025-11-28
"Usuario 506",usuario506@email.com,123456,2026-08-11
"Usuario 507",usuario507@email.com,123456,2025-09-13
"Usuario 508",usuario508@email.com,123456,2027-02-20
"Usuario 509",usuario509@email.com,123456,2026-12-21
"Usuario 510",usuario510@email.com,123456,2025-12-09
"Usuario 511",usuario511@email.com,123456,2025-05-17
"Usuario 512",usuario512@email.com,123456,2025-09-24
"Usuario 513",usuario513@email.com,123456,2025-11-14
"Usuario 514",usuario514@email.com,123456,2025-10-27
"Usuario 515",usuario515@email.com,123456,2025-08-03
"Usuario 516",usuario516@email.com,123456,2026-01-28
"Usuario 517",usuario517@email.com,123456,2026-06-23
"Usuario 518",usuario518@email.com,123456,2026-10-26
"Usuario 519",usuario519@email.com,123456,2026-02-13
"Usuario 520",usuario520@email.com,123456,2025-09-14
"Usuario 521",usuario521@email.com,123456,2026-12-19
"Usuario 522",usuario522@email.com,123456,2026-09-30
"Usuario 523",usuario523@email.com,123456,2026-12-02
"Usuario 524",usuario524@email.com,123456,2026-10-22
"Usuario 525",usuario525@email.com,123456,2026-10-25
"Usuario 526",usuario526@email.com,123456,2026-01-21
"Usuario 527",usuario527@email.com,123456,2025-08-06
"Usuario 528",usuario528@email.com,123456,2026-04-12
"Usuario 529",usuario529@email.com,123456,2026-08-26
"Usuario 530",usuario530@email.com,123456,2025-09-17
"Usuario 531",usuario531@email.com,123456,2026-07-21
"Usuario 532",usuario532@email.com,123456,2025-10-08
"Usuario 533",usuario533@email.com,123456,2026-01-03
"Usuario 534",usuario534@email.com,123456,2025-07-21
"Usuario 535",usuario535@email.com,123456,2027-03-26
"Usuario 536",usuario536@email.com,123456,2025-04-16
"Usuario 537",usuario537@email.com,123456,2026-04-09
"Usuario 538",usuario538@email.com,123456,2027-01-07
"Usuario 539",usuario539@email.com,123456,2026-02-27
"Usuario 540",usuario540@email.com,123456,2027-02-07
"Usuario 541",usuario541@email.com,123456,2025-04-25
"Usuario 542",usuario542@email.com,123456,2027-01-02
"Usuario 543",usuario543@email.com,123456,2026-07-24
"Usuario 544",usuario544@email.com,123456,2025-08-23
"Usuario 545",usuario545@email.com,123456,2025-04-10
"Usuario 546",usuario546@email.com,123456,2025-07-25
"Usuario 547",usuario547@email.com,123456,2025-05-01
"Usuario 548",usuario548@email.com,123456,2026-10-07
"Usuario 549",usuario549@email.com,123456,2026-08-24
"Usuario 550",usuario550@email.com,123456,2026-07-14
"Usuario 551",usuario551@email.com,123456,2026-01-03
"Usuario 552",usuario552@email.com,123456,2025-12-30
"Usuario 553",usuario553@email.com,123456,2026-06-08
"Usuario 554",usuario554@email.com,123456,2026-04-07
"Usuario 555",usuario555@email.com,123456,2025-10-17
"Usuario 556",usuario556@email.com,123456,2025-09-11
"Usuario 557",usuario557@email.com,123456,2027-03-21
"Usuario 558",usuario558@email.com,123456,2025-12-05
"Usuario 559",usuario559@email.com,123456,2027-01-14
"Usuario 560",usuario560@email.com,123456,2026-11-05
"Usuario 561",usuario561@email.com,123456,2026-09-23
"Usuario 562",usuario562@email.com,123456,2025-05-15
"Usuario 563",usuario563@email.com,123456,2025-05-31
"Usuario 564",usuario564@email.com,123456,2026-03-21
"Usuario 565",usuario565@email.com,123456,2026-10-01
"Usuario 566",usuario566@email.com,123456,2025-12-23
"Usuario 567",usuario567@email.com,123456,2026-06-19
"Usuario 568",usuario568@email.com,123456,2026-07-02
"Usuario 569",usuario569@email.com,123456,2025-09-21
"Usuario 570",usuario570@email.com,123456,2025-07-21
"Usuario 571",usuario571@email.com,123456,2025-06-19
"Usuario 572",usuario572@email.com,123456,2026-08-15
"Usuario 573",usuario573@email.com,123456,2025-04-10
"Usuario 574",usuario574@email.com,123456,2025-04-11
"Usuario 575",usuario575@email.com,123456,2027-02-07
"Usuario 576",usuario576@email.com,123456,2025-11-12
"Usuario 577",usuario577@email.com,123456,2027-02-12
"Usuario 578",usuario578@email.com,123456,2027-02-20
"Usuario 579",usuario579@email.com,123456,2026-11-03
"Usuario 580",usuario580@email.com,123456,2026-08-03
"Usuario 581",usuario581@email.com,123456,2026-11-18
"Usuario 582",usuario582@email.com,123456,2025-05-19
"Usuario 583",usuario583@email.com,123456,2027-02-02
"Usuario 584",usuario584@email.com,123456,2025-08-01
"Usuario 585",usuario585@email.com,123456,2026-11-29
"Usuario 586",usuario586@email.com,123456,2026-10-27
"Usuario 587",usuario587@email.com,123456,2027-03-20
"Usuario 588",usuario588@email.com,123456,2026-11-29
"Usuario 589",usuario589@email.com,123456,2025-10-12
"Usuario 590",usuario590@email.com,123456,2026-05-01
"Usuario 591",usuario591@email.com,123456,2026-06-11
"Usuario 592",usuario592@email.com,123456,2026-08-21
"Usuario 593",usuario593@email.com,123456,2026-02-06
"Usuario 594",usuario594@email.com,123456,2025-04-18
"Usuario 595",usuario595@email.com,123456,2026-08-14
"Usuario 596",usuario596@email.com,123456,2027-01-27
"Usuario 597",usuario597@email.com,123456,2026-02-16
"Usuario 598",usuario598@email.com,123456,2026-03-18
"Usuario 599",usuario599@email.com,123456,2026-12-05
"Usuario 600",admin600@fontecred.com.br,123456,2025-11-09
"Usuario 601",usuario601@email.com,123456,2025-12-26
"Usuario 602",usuario602@email.com,123456,2026-12-27
"Usuario 603",usuario603@email.com,123456,2025-06-28
"Usuario 604",usuario604@email.com,123456,2026-07-19
"Usuario 605",usuario605@email.com,123456,2025-05-18
"Usuario 606",usuario606@email.com,123456,2025-05-09
"Usuario 607",usuario607@email.com,123456,2026-11-16
"Usuario 608",usuario608@email.com,123456,2027-02-12
"Usuario 609",usuario609@email.com,123456,2026-04-04
"Usuario 610",usuario610@email.com,123456,2025-10-08
"Usuario 611",usuario611@email.com,123456,2026-01-07
"Usuario 612",usuario612@email.com,123456,2027-02-11
"Usuario 613",usuario613@email.com,123456,2027-03-26
"Usuario 614",usuario614@email.com,123456,2026-02-07
"Usuario 615",usuario615@email.com,123456,2027-02-09
"Usuario 616",usuario616@email.com,123456,2026-08-10
"Usuario 617",usuario617@email.com,123456,2026-07-15
"Usuario 618",usuario618@email.com,123456,2026-08-05
"Usuario 619",usuario619@email.com,123456,2025-08-30
"Usuario 620",usuario620@email.com,123456,2026-03-24
"Usuario 621",usuario621@email.com,123456,2026-08-05
"Usuario 622",usuario622@email.com,123456,2025-07-07
"Usuario 623",usuario623@email.com,123456,2026-05-26
"Usuario 624",usuario624@email.com,123456,2025-05-05
"Usuario 625",usuario625@email.com,123456,2025-12-21
"Usuario 626",usuario626@email.com,123456,2026-04-06
"Usuario 627",usuario627@email.com,123456,2025-10-23
"Usuario 628",usuario628@email.com,123456,2025-05-15
"Usuario 629",usuario629@email.com,123456,2027-01-04
"Usuario 630",usuario630@email.com,123456,2026-03-18
"Usuario 631",usuario631@email.com,123456,2025-07-01
"Usuario 632",usuario632@email.com,123456,2026-02-04
"Usuario 633",usuario633@email.com,123456,2027-02-28
"Usuario 634",usuario634@email.com,123456,2025-08-28
"Usuario 635",usuario635@email.com,123456,2025-11-01
"Usuario 636",usuario636@email.com,123456,2025-11-28
"Usuario 637",usuario637@email.com,123456,2026-05-05
"Usuario 638",usuario638@email.com,123456,2025-04-15
"Usuario 639",usuario639@email.com,123456,2027-01-25
"Usuario 640",usuario640@email.com,123456,2025-05-31
"Usuario 641",usuario641@email.com,123456,2025-09-22
"Usuario 642",usuario642@email.com,123456,2025-05-16
"Usuario 643",usuario643@email.com,123456,2025-12-16
"Usuario 644",usuario644@email.com,123456,2026-04-04
"Usuario 645",usuario645@email.com,123456,2026-12-30
"Usuario 646",usuario646@email.com,123456,2027-03-16
"Usuario 647",usuario647@email.com,123456,2026-01-11
"Usuario 648",usuario648@email.com,123456,2025-10-05
"Usuario 649",usuario649@email.com,123456,2026-11-02
"Usuario 650",usuario650@email.com,123456,2025-08-04
"Usuario 651",usuario651@email.com,123456,2026-07-26
"Usuario 652",usuario652@email.com,123456,2026-07-07
"Usuario 653",usuario653@email.com,123456,2027-03-14
"Usuario 654",usuario654@email.com,123456,2026-09-05
"Usuario 655",usuario655@email.com,123456,2026-08-08
"Usuario 656",usuario656@email.com,123456,2025-08-10
"Usuario 657",usuario657@email.com,123456,2026-03-16
"Usuario 658",usuario658@email.com,123456,2026-07-18
"Usuario 659",usuario659@email.com,123456,2026-04-13
"Usuario 660",usuario660@email.com,123456,2026-10-06
"Usuario 661",usuario661@email.com,123456,2025-08-31
"Usuario 662",usuario662@email.com,123456,2026-11-01
"Usuario 663",usuario663@email.com,123456,2025-09-13
"Usuario 664",usuario664@email.com,123456,2026-02-06
"Usuario 665",usuario665@email.com,123456,2025-12-03
"Usuario 666",usuario666@email.com,123456,2025-10-07
"Usuario 667",usuario667@email.com,123456,2025-11-19
"Usuario 668",usuario668@email.com,123456,2026-10-08
"Usuario 669",usuario669@email.com,123456,2026-10-20
"Usuario 670",usuario670@email.com,123456,2026-08-26
"Usuario 671",usuario671@email.com,123456,2026-07-08
"Usuario 672",usuario672@email.com,123456,2026-04-06
"Usuario 673",usuario673@email.com,123456,2025-07-17
"Usuario 674",usuario674@email.com,123456,2026-09-05
"Usuario 675",usuario675@email.com,123456,2025-07-06
"Usuario 676",usuario676@email.com,123456,2026-11-16
"Usuario 677",usuario677@email.com,123456,2025-09-25
"Usuario 678",usuario678@email.com,123456,2026-11-19
"Usuario 679",usuario679@email.com,123456,2025-04-17
"Usuario 680",usuario680@email.com,123456,2026-03-05
"Usuario 681",usuario681@email.com,123456,2027-01-15
"Usuario 682",usuario682@email.com,123456,2026-04-24
"Usuario 683",usuario683@email.com,123456,2025-11-28
"Usuario 684",usuario684@email.com,123456,2025-07-07
"Usuario 685",usuario685@email.com,123456,2026-09-03
"Usuario 686",usuario686@email.com,123456,2026-06-17
"Usuario 687",usuario687@email.com,123456,2025-11-28
"Usuario 688",usuario688@email.com,123456,2027-02-20
"Usuario 689",usuario689@email.com,123456,2025-07-06
"Usuario 690",usuario690@email.com,123456,2026-12-20
"Usuario 691",usuario691@email.com,123456,2027-03-27
"Usuario 692",usuario692@email.com,123456,2025-12-03
"Usuario 693",usuario693@email.com,123456,2025-12-25
"Usuario 694",usuario694@email.com,123456,2026-10-19
"Usuario 695",usuario695@email.com,123456,2027-03-04
"Usuario 696",usuario696@email.com,123456,2025-05-08
"Usuario 697",usuario697@email.com,123456,2027-01-09
"Usuario 698",usuario698@email.com,123456,2027-02-11
"Usuario 699",usuario699@email.com,123456,2025-12-23
"Usuario 700",admin700@fontecred.com.br,123456,2025-09-01
"Usuario 701",usuario701@email.com,123456,2026-08-27
"Usuario 702",usuario702@email.com,123456,2026-12-11
"Usuario 703",usuario703@email.com,123456,2025-11-05
"Usuario 704",usuario704@email.com,123456,2027-02-20
"Usuario 705",usuario705@email.com,123456,2026-08-29
"Usuario 706",usuario706@email.com,123456,2026-08-15
"Usuario 707",usuario707@email.com,123456,2026-02-23
"Usuario 708",usuario708@email.com,123456,2025-07-08
"Usuario 709",usuario709@email.com,123456,2027-03-08
"Usuario 710",usuario710@email.com,123456,2025-07-07
"Usuario 711",usuario711@email.com,123456,2027-01-19
"Usuario 712",usuario712@email.com,123456,2026-04-11
"Usuario 713",usuario713@email.com,123456,2025-11-22
"Usuario 714",usuario714@email.com,123456,2027-03-11
"Usuario 715",usuario715@email.com,123456,2026-04-03
"Usuario 716",usuario716@email.com,123456,2025-04-30
"Usuario 717",usuario717@email.com,123456,2025-04-19
"Usuario 718",usuario718@email.com,123456,2026-05-20
"Usuario 719",usuario719@email.com,123456,2025-09-14
"Usuario 720",usuario720@email.com,123456,2026-10-12
"Usuario 721",usuario721@email.com,123456,2026-06-08
"Usuario 722",usuario722@email.com,123456,2027-01-16
"Usuario 723",usuario723@email.com,123456,2027-01-23
"Usuario 724",usuario724@email.com,123456,2026-04-24
"Usuario 725",usuario725@email.com,123456,2025-07-11
"Usuario 726",usuario726@email.com,123456,2026-12-09
"Usuario 727",usuario727@email.com,123456,2026-08-03
"Usuario 728",usuario728@email.com,123456,2025-09-16
"Usuario 729",usuario729@email.com,123456,2025-08-10
"Usuario 730",usuario730@email.com,123456,2026-07-26
"Usuario 731",usuario731@email.com,123456,2027-01-14
"Usuario 732",usuario732@email.com,123456,2026-11-24
"Usuario 733",usuario733@email.com,123456,2026-03-31
"Usuario 734",usuario734@email.com,123456,2025-09-02
"Usuario 735",usuario735@email.com,123456,2025-10-31
"Usuario 736",usuario736@email.com,123456,2025-04-24
"Usuario 737",usuario737@email.com,123456,2026-09-08
"Usuario 738",usuario738@email.com,123456,2026-06-28
"Usuario 739",usuario739@email.com,123456,2026-12-10
"Usuario 740",usuario740@email.com,123456,2027-02-25
"Usuario 741",usuario741@email.com,123456,2026-10-26
"Usuario 742",usuario742@email.com,123456,2026-04-02
"Usuario 743",usuario743@email.com,123456,2025-08-02
"Usuario 744",usuario744@email.com,123456,2026-06-15
"Usuario 745",usuario745@email.com,123456,2026-01-24
"Usuario 746",usuario746@email.com,123456,2025-05-08
"Usuario 747",usuario747@email.com,123456,2026-12-16
"Usuario 748",usuario748@email.com,123456,2026-07-30
"Usuario 749",usuario749@email.com,123456,2025-07-29
"Usuario 750",usuario750@email.com,123456,2025-10-24
"Usuario 751",usuario751@email.com,123456,2026-01-22
"Usuario 752",usuario752@email.com,123456,2027-03-11
"Usuario 753",usuario753@email.com,123456,2025-11-18
"Usuario 754",usuario754@email.com,123456,2026-11-11
"Usuario 755",usuario755@email.com,123456,2025-10-24
"Usuario 756",usuario756@email.com,123456,2027-03-14
"Usuario 757",usuario757@email.com,123456,2026-04-19
"Usuario 758",usuario758@email.com,123456,2026-02-11
"Usuario 759",usuario759@email.com,123456,2027-04-06
"Usuario 760",usuario760@email.com,123456,2025-10-13
"Usuario 761",usuario761@email.com,123456,2026-10-07
"Usuario 762",usuario762@email.com,123456,2025-04-15
"Usuario 763",usuario763@email.com,123456,2026-03-15
"Usuario 764",usuario764@email.com,123456,2026-04-02
"Usuario 765",usuario765@email.com,123456,2026-03-20
"Usuario 766",usuario766@email.com,123456,2027-01-29
"Usuario 767",usuario767@email.com,123456,2026-10-17
"Usuario 768",usuario768@email.com,123456,2025-07-05
"Usuario 769",usuario769@email.com,123456,2026-03-21
"Usuario 770",usuario770@email.com,123456,2027-03-14
"Usuario 771",usuario771@email.com,123456,2026-04-16
"Usuario 772",usuario772@email.com,123456,2026-12-24
"Usuario 773",usuario773@email.com,123456,2026-09-26
"Usuario 774",usuario774@email.com,123456,2025-10-02
"Usuario 775",usuario775@email.com,123456,2025-05-28
"Usuario 776",usuario776@email.com,123456,2026-05-15
"Usuario 777",usuario777@email.com,123456,2025-04-22
"Usuario 778",usuario778@email.com,123456,2026-05-10
"Usuario 779",usuario779@email.com,123456,2026-09-16
"Usuario 780",usuario780@email.com,123456,2025-09-17
"Usuario 781",usuario781@email.com,123456,2027-03-17
"Usuario 782",usuario782@email.com,123456,2026-04-04
"Usuario 783",usuario783@email.com,123456,2027-02-19
"Usuario 784",usuario784@email.com,123456,2027-01-25
"Usuario 785",usuario785@email.com,123456,2025-12-07
"Usuario 786",usuario786@email.com,123456,2026-04-27
"Usuario 787",usuario787@email.com,123456,2025-09-27
"Usuario 788",usuario788@email.com,123456,2026-03-31
"Usuario 789",usuario789@email.com,123456,2025-05-21
"Usuario 790",usuario790@email.com,123456,2025-11-05
"Usuario 791",usuario791@email.com,123456,2026-04-03
"Usuario 792",usuario792@email.com,123456,2025-06-27
"Usuario 793",usuario793@email.com,123456,2026-11-09
"Usuario 794",usuario794@email.com,123456,2025-08-17
"Usuario 795",usuario795@email.com,123456,2025-06-13
"Usuario 796",usuario796@email.com,123456,2026-05-01
"Usuario 797",usuario797@email.com,123456,2026-05-31
"Usuario 798",usuario798@email.com,123456,2025-10-24
"Usuario 799",usuario799@email.com,123456,2026-07-17
"Usuario 800",admin800@fontecred.com.br,123456,2025-11-27
"Usuario 801",usuario801@email.com,123456,2025-04-14
"Usuario 802",usuario802@email.com,123456,2027-03-17
"Usuario 803",usuario803@email.com,123456,2026-04-02
"Usuario 804",usuario804@email.com,123456,2027-04-02
"Usuario 805",usuario805@email.com,123456,2025-05-17
"Usuario 806",usuario806@email.com,123456,2026-06-01
"Usuario 807",usuario807@email.com,123456,2025-08-12
"Usuario 808",usuario808@email.com,123456,2026-09-28
"Usuario 809",usuario809@email.com,123456,2026-02-27
"Usuario 810",usuario810@email.com,123456,2026-04-14
"Usuario 811",usuario811@email.com,123456,2026-07-26
"Usuario 812",usuario812@email.com,123456,2026-05-27
"Usuario 813",usuario813@email.com,123456,2026-07-15
"Usuario 814",usuario814@email.com,123456,2025-11-20
"Usuario 815",usuario815@email.com,123456,2025-12-23
"Usuario 816",usuario816@email.com,123456,2026-08-12
"Usuario 817",usuario817@email.com,123456,2026-07-28
"Usuario 818",usuario818@email.com,123456,2025-10-11
"Usuario 819",usuario819@email.com,123456,2026-06-11
"Usuario 820",usuario820@email.com,123456,2025-06-20
"Usuario 821",usuario821@email.com,123456,2027-02-19
"Usuario 822",usuario822@email.com,123456,2026-04-23
"Usuario 823",usuario823@email.com,123456,2025-05-15
"Usuario 824",usuario824@email.com,123456,2025-10-17
"Usuario 825",usuario825@email.com,123456,2026-09-12
"Usuario 826",usuario826@email.com,123456,2026-11-05
"Usuario 827",usuario827@email.com,123456,2025-07-03
"Usuario 828",usuario828@email.com,123456,2026-12-24
"Usuario 829",usuario829@email.com,123456,2027-03-25
"Usuario 830",usuario830@email.com,123456,2025-06-12
"Usuario 831",usuario831@email.com,123456,2026-05-18
"Usuario 832",usuario832@email.com,123456,2025-12-22
"Usuario 833",usuario833@email.com,123456,2025-08-20
"Usuario 834",usuario834@email.com,123456,2027-03-26
"Usuario 835",usuario835@email.com,123456,2026-08-16
"Usuario 836",usuario836@email.com,123456,2027-01-21
"Usuario 837",usuario837@email.com,123456,2027-01-30
"Usuario 838",usuario838@email.com,123456,2026-09-03
"Usuario 839",usuario839@email.com,123456,2025-05-31
"Usuario 840",usuario840@email.com,123456,2025-09-20
"Usuario 841",usuario841@email.com,123456,2025-05-14
"Usuario 842",usuario842@email.com,123456,2025-06-09
"Usuario 843",usuario843@email.com,123456,2025-11-18
"Usuario 844",usuario844@email.com,123456,2026-09-18
"Usuario 845",usuario845@email.com,123456,2026-10-30
"Usuario 846",usuario846@email.com,123456,2026-08-12
"Usuario 847",usuario847@email.com,123456,2026-05-19
"Usuario 848",usuario848@email.com,123456,2025-06-12
"Usuario 849",usuario849@email.com,123456,2025-10-05
"Usuario 850",usuario850@email.com,123456,2025-05-03
"Usuario 851",usuario851@email.com,123456,2025-07-10
"Usuario 852",usuario852@email.com,123456,2026-12-23
"Usuario 853",usuario853@email.com,123456,2027-01-25
"Usuario 854",usuario854@email.com,123456,2026-10-23
"Usuario 855",usuario855@email.com,123456,2025-08-20
"Usuario 856",usuario856@email.com,123456,2025-04-08
"Usuario 857",usuario857@email.com,123456,2026-12-07
"Usuario 858",usuario858@email.com,123456,2027-01-05
"Usuario 859",usuario859@email.com,123456,2026-07-05
"Usuario 860",usuario860@email.com,123456,2025-07-02
"Usuario 861",usuario861@email.com,123456,2026-03-13
"Usuario 862",usuario862@email.com,123456,2025-09-01
"Usuario 863",usuario863@email.com,123456,2025-11-01
"Usuario 864",usuario864@email.com,123456,2025-10-29
"Usuario 865",usuario865@email.com,123456,2026-03-14
"Usuario 866",usuario866@email.com,123456,2026-05-19
"Usuario 867",usuario867@email.com,123456,2025-07-01
"Usuario 868",usuario868@email.com,123456,2026-05-16
"Usuario 869",usuario869@email.com,123456,2026-08-06
"Usuario 870",usuario870@email.com,123456,2025-04-29
"Usuario 871",usuario871@email.com,123456,2025-07-29
"Usuario 872",usuario872@email.com,123456,2026-03-24
"Usuario 873",usuario873@email.com,123456,2025-10-29
"Usuario 874",usuario874@email.com,123456,2025-06-27
"Usuario 875",usuario875@email.com,123456,2025-11-12
"Usuario 876",usuario876@email.com,123456,2025-07-08
"Usuario 877",usuario877@email.com,123456,2026-12-14
"Usuario 878",usuario878@email.com,123456,2027-01-08
"Usuario 879",usuario879@email.com,123456,2026-02-28
"Usuario 880",usuario880@email.com,123456,2027-03-05
"Usuario 881",usuario881@email.com,123456,2026-12-10
"Usuario 882",usuario882@email.com,123456,2026-06-02
"Usuario 883",usuario883@email.com,123456,2026-02-04
"Usuario 884",usuario884@email.com,123456,2026-12-06
"Usuario 885",usuario885@email.com,123456,2025-12-13
"Usuario 886",usuario886@email.com,123456,2025-10-17
"Usuario 887",usuario887@email.com,123456,2025-04-25
"Usuario 888",usuario888@email.com,123456,2026-09-29
"Usuario 889",usuario889@email.com,123456,2026-04-27
"Usuario 890",usuario890@email.com,123456,2026-04-26
"Usuario 891",usuario891@email.com,123456,2025-12-25
"Usuario 892",usuario892@email.com,123456,2027-01-17
"Usuario 893",usuario893@email.com,123456,2026-04-08
"Usuario 894",usuario894@email.com,123456,2025-05-28
"Usuario 895",usuario895@email.com,123456,2027-01-28
"Usuario 896",usuario896@email.com,123456,2025-11-12
"Usuario 897",usuario897@email.com,123456,2025-08-24
"Usuario 898",usuario898@email.com,123456,2027-03-30
"Usuario 899",usuario899@email.com,123456,2026-08-07
"Usuario 900",admin900@fontecred.com.br,123456,2027-04-05
"Usuario 901",usuario901@email.com,123456,2026-05-17
"Usuario 902",usuario902@email.com,123456,2026-07-24
"Usuario 903",usuario903@email.com,123456,2026-11-02
"Usuario 904",usuario904@email.com,123456,2025-05-25
"Usuario 905",usuario905@email.com,123456,2026-10-21
"Usuario 906",usuario906@email.com,123456,2026-03-12
"Usuario 907",usuario907@email.com,123456,2025-06-01
"Usuario 908",usuario908@email.com,123456,2027-02-24
"Usuario 909",usuario909@email.com,123456,2025-10-19
"Usuario 910",usuario910@email.com,123456,2025-09-09
"Usuario 911",usuario911@email.com,123456,2026-09-13
"Usuario 912",usuario912@email.com,123456,2026-03-10
"Usuario 913",usuario913@email.com,123456,2026-12-29
"Usuario 914",usuario914@email.com,123456,2025-12-13
"Usuario 915",usuario915@email.com,123456,2026-05-15
"Usuario 916",usuario916@email.com,123456,2025-05-05
"Usuario 917",usuario917@email.com,123456,2025-06-02
"Usuario 918",usuario918@email.com,123456,2025-12-16
"Usuario 919",usuario919@email.com,123456,2026-06-22
"Usuario 920",usuario920@email.com,123456,2026-01-01
"Usuario 921",usuario921@email.com,123456,2026-12-24
"Usuario 922",usuario922@email.com,123456,2026-09-12
"Usuario 923",usuario923@email.com,123456,2026-03-21
"Usuario 924",usuario924@email.com,123456,2026-08-16
"Usuario 925",usuario925@email.com,123456,2025-11-11
"Usuario 926",usuario926@email.com,123456,2025-06-01
"Usuario 927",usuario927@email.com,123456,2026-12-08
"Usuario 928",usuario928@email.com,123456,2026-10-06
"Usuario 929",usuario929@email.com,123456,2025-07-03
"Usuario 930",usuario930@email.com,123456,2026-06-08
"Usuario 931",usuario931@email.com,123456,2026-07-04
"Usuario 932",usuario932@email.com,123456,2026-09-14
"Usuario 933",usuario933@email.com,123456,2026-05-02
"Usuario 934",usuario934@email.com,123456,2026-02-14
"Usuario 935",usuario935@email.com,123456,2027-01-21
"Usuario 936",usuario936@email.com,123456,2025-11-19
"Usuario 937",usuario937@email.com,123456,2025-11-27
"Usuario 938",usuario938@email.com,123456,2025-09-02
"Usuario 939",usuario939@email.com,123456,2026-07-29
"Usuario 940",usuario940@email.com,123456,2026-04-05
"Usuario 941",usuario941@email.com,123456,2026-09-15
"Usuario 942",usuario942@email.com,123456,2026-03-29
"Usuario 943",usuario943@email.com,123456,2026-12-18
"Usuario 944",usuario944@email.com,123456,2026-09-05
"Usuario 945",usuario945@email.com,123456,2025-09-18
"Usuario 946",usuario946@email.com,123456,2025-07-20
"Usuario 947",usuario947@email.com,123456,2026-12-18
"Usuario 948",usuario948@email.com,123456,2027-01-09
"Usuario 949",usuario949@email.com,123456,2025-10-18
"Usuario 950",usuario950@email.com,123456,2025-06-09
"Usuario 951",usuario951@email.com,123456,2026-12-05
"Usuario 952",usuario952@email.com,123456,2027-02-15
"Usuario 953",usuario953@email.com,123456,2026-11-23
"Usuario 954",usuario954@email.com,123456,2025-08-07
"Usuario 955",usuario955@email.com,123456,2026-05-03
"Usuario 956",usuario956@email.com,123456,2025-08-13
"Usuario 957",usuario957@email.com,123456,2026-12-12
"Usuario 958",usuario958@email.com,123456,2026-01-18
"Usuario 959",usuario959@email.com,123456,2025-06-27
"Usuario 960",usuario960@email.com,123456,2025-04-18
"Usuario 961",usuario961@email.com,123456,2025-10-25
"Usuario 962",usuario962@email.com,123456,2025-05-24
"Usuario 963",usuario963@email.com,123456,2025-08-22
"Usuario 964",usuario964@email.com,123456,2025-10-04
"Usuario 965",usuario965@email.com,123456,2026-06-04
"Usuario 966",usuario966@email.com,123456,2026-02-17
"Usuario 967",usuario967@email.com,123456,2025-05-13
"Usuario 968",usuario968@email.com,123456,2026-01-17
"Usuario 969",usuario969@email.com,123456,2026-05-09
"Usuario 970",usuario970@email.com,123456,2025-12-26
"Usuario 971",usuario971@email.com,123456,2025-12-14
"Usuario 972",usuario972@email.com,123456,2025-09-14
"Usuario 973",usuario973@email.com,123456,2026-08-11
"Usuario 974",usuario974@email.com,123456,2026-09-27
"Usuario 975",usuario975@email.com,123456,2025-04-09
"Usuario 976",usuario976@email.com,123456,2026-09-07
"Usuario 977",usuario977@email.com,123456,2026-02-28
"Usuario 978",usuario978@email.com,123456,2026-01-24
"Usuario 979",usuario979@email.com,123456,2026-10-30
"Usuario 980",usuario980@email.com,123456,2025-06-09
"Usuario 981",usuario981@email.com,123456,2026-07-01
"Usuario 982",usuario982@email.com,123456,2027-02-10
"Usuario 983",usuario983@email.com,123456,2026-05-13
"Usuario 984",usuario984@email.com,123456,2025-11-12
"Usuario 985",usuario985@email.com,123456,2026-11-16
"Usuario 986",usuario986@email.com,123456,2026-10-27
"Usuario 987",usuario987@email.com,123456,2027-03-10
"Usuario 988",usuario988@email.com,123456,2027-01-01
"Usuario 989",usuario989@email.com,123456,2025-09-20
"Usuario 990",usuario990@email.com,123456,2026-07-03
"Usuario 991",usuario991@email.com,123456,2025-04-29
"Usuario 992",usuario992@email.com,123456,2026-04-22
"Usuario 993",usuario993@email.com,123456,2026-05-30
"Usuario 994",usuario994@email.com,123456,2026-03-30
"Usuario 995",usuario995@email.com,123456,2027-03-10
"Usuario 996",usuario996@email.com,123456,2027-02-14
"Usuario 997",usuario997@email.com,123456,2026-05-07
"Usuario 998",usuario998@email.com,123456,2025-10-23
"Usuario 999",usuario999@email.com,123456,2026-04-05
"Usuario 1000",admin1000@fontecred.com.br,123456,2026-02-02
